ts	phase	decision	why	evidence	result
2026-10-10T07:40:00Z	frame	Traced the PDF findings to the separate backoffice repository and the web proxy routes	The two applications own different parts of the reported behavior	/Users/a.siripoom/Developer/readlead-backoffice/app/api/writer-applications/route.ts;app/api/member/reports/[id]/attachments/[attachmentId]/route.ts	verified
2026-10-10T07:43:00Z	H-2	Added a separate writer-applications permission across API, page, menu, and seed	A users-only administrator could read KYC and approve creators	tests/writer-application-permission.test.mts in readlead-backoffice	2 tests red then green
2026-10-10T07:46:00Z	L-2	Validated JSON shape before either PATCH route reads fields	Null and malformed input crashed outside the response handling	tests/writer-application-permission.test.mts in readlead-backoffice	1 test red then green
2026-10-10T07:48:00Z	M-5	Kept the existing web attachment proxy	Both live HTTP routes returned the same 401, proving the web route forwards to backoffice	curl http://localhost:3100/api/member/reports/report-a/attachments/attachment-a	verified unauthenticated path only
2026-10-10T07:52:00Z	M-3	Capped creator media range responses at 8 MiB	A 100 MiB open range previously read and returned the full file	/Users/a.siripoom/Developer/readlead-backoffice/tests/creator-media-range.test.mts	1 test red then green; 4 media tests pass
2026-10-10T07:56:00Z	H-1	Gave each KYC upload its own key and guarded rejected-to-pending updates	The previous deterministic key let a losing request replace the winning document	/Users/a.siripoom/Developer/readlead-backoffice/tests/writer-application-kyc.test.mts	4 tests red then green; v2 document AAD remains open
2026-10-10T08:04:00Z	L-3	Checked active punishment inside writer approval transaction	An active account alone did not mean the member could sign in	/Users/a.siripoom/Developer/readlead-backoffice/tests/writer-application-punishment.test.mts	1 test red then green
2026-10-10T08:10:00Z	L-9	Mapped missing punishment updates to HTTP 404	Prisma P2025 previously escaped the route	/Users/a.siripoom/Developer/readlead-backoffice/tests/punishment-record-route.test.mts	1 test red then green
2026-10-10T08:13:00Z	M-2	Bound new writer payloads and withdrawal destinations to their row IDs with separate v2 keys	Legacy ciphertext could be copied between records	/Users/a.siripoom/Developer/readlead-backoffice/tests/m2-row-bound-crypto.test.mts	3 tests red then green; legacy migration pending
2026-10-10T08:20:00Z	M-2 migration	Added a dry-run-first v1 to v2 conversion script without running it on production	Existing rows need compare-and-swap re-encryption before v1 support can be removed	/Users/a.siripoom/Developer/readlead-backoffice/scripts/migrate-private-payloads.ts	static checks pass; database dry-run and apply unverified
2026-10-10T12:54:00Z	H-1	Bound new KYC document envelopes to user, application, and kind; kept v1 read compatibility	A ciphertext copied to another owner or application must fail authentication	/Users/a.siripoom/Developer/readlead-backoffice/tests/writer-document-v2.test.mts	2 tests red then green; 66 security tests pass
2026-10-10T12:54:00Z	L-8	Compared cron Authorization headers with timingSafeEqual	Direct string comparison exposed a timing side channel	/Users/a.siripoom/Developer/readlead-backoffice/app/api/cron/creator-payouts/route.ts;app/api/cron/creator-episodes/route.ts	code reviewed; production build passed
2026-10-10T12:54:00Z	M-7	Deferred private-bucket-only configuration pending legacy writer-document location migration	Existing KYC keys have no bucket marker, so switching reads unconditionally would make them unavailable	/Users/a.siripoom/Developer/readlead-backoffice/lib/storage/writer-documents.ts	operational dependency identified
